frame.time,ip.src,ip.dst,ip.proto,tcp.srcport,tcp.dstport,udp.srcport,udp.dstport
Mar 31, 2026 07:59:43.415964185 PKT,192.168.100.39,35.190.80.1,6,37608,443,,
Mar 31, 2026 07:59:43.415998236 PKT,192.168.100.39,35.190.80.1,6,37594,443,,
Mar 31, 2026 07:59:45.776071635 PKT,192.168.100.39,142.251.38.3,17,,,52160,443
Mar 31, 2026 07:59:45.776213638 PKT,192.168.100.39,142.251.38.3,17,,,52160,443
Mar 31, 2026 07:59:45.776312137 PKT,192.168.100.39,142.251.38.3,17,,,52160,443
Mar 31, 2026 07:59:45.777144842 PKT,192.168.100.39,142.251.38.3,17,,,52160,443
Mar 31, 2026 07:59:45.778326194 PKT,192.168.100.39,142.251.38.3,17,,,52160,443
Mar 31, 2026 07:59:45.820878786 PKT,142.251.38.3,192.168.100.39,17,,,443,52160
Mar 31, 2026 07:59:45.824897564 PKT,142.251.38.3,192.168.100.39,17,,,443,52160
Mar 31, 2026 07:59:45.826826252 PKT,142.251.38.3,192.168.100.39,17,,,443,52160
Mar 31, 2026 07:59:45.826826978 PKT,142.251.38.3,192.168.100.39,17,,,443,52160
Mar 31, 2026 07:59:45.859098553 PKT,192.168.100.39,142.251.38.3,17,,,52160,443
Mar 31, 2026 07:59:45.899635177 PKT,142.251.38.3,192.168.100.39,17,,,443,52160
Mar 31, 2026 07:59:45.939872051 PKT,142.251.38.3,192.168.100.39,17,,,443,52160
Mar 31, 2026 07:59:45.939872919 PKT,142.251.38.3,192.168.100.39,17,,,443,52160
Mar 31, 2026 07:59:45.939873392 PKT,142.251.38.3,192.168.100.39,17,,,443,52160
Mar 31, 2026 07:59:45.940708713 PKT,142.251.38.3,192.168.100.39,17,,,443,52160
Mar 31, 2026 07:59:45.940709284 PKT,142.251.38.3,192.168.100.39,17,,,443,52160
Mar 31, 2026 07:59:45.941669228 PKT,192.168.100.39,142.251.38.3,17,,,52160,443
Mar 31, 2026 07:59:45.942471455 PKT,192.168.100.39,142.251.38.3,17,,,52160,443
Mar 31, 2026 07:59:45.942824643 PKT,192.168.100.39,142.251.38.3,17,,,52160,443
Mar 31, 2026 07:59:45.968888425 PKT,192.168.100.39,142.251.38.3,17,,,52160,443
Mar 31, 2026 07:59:45.982032236 PKT,142.251.38.3,192.168.100.39,17,,,443,52160
Mar 31, 2026 07:59:46.007869749 PKT,192.168.100.39,142.251.38.3,17,,,52160,443
Mar 31, 2026 07:59:46.057035178 PKT,142.251.38.3,192.168.100.39,17,,,443,52160
Mar 31, 2026 07:59:46.057036012 PKT,142.251.38.3,192.168.100.39,17,,,443,52160
Mar 31, 2026 07:59:46.057972184 PKT,192.168.100.39,142.251.38.3,17,,,52160,443
Mar 31, 2026 07:59:46.087796371 PKT,192.168.100.39,142.250.202.227,17,,,45647,443
Mar 31, 2026 07:59:46.088295185 PKT,192.168.100.39,104.26.7.95,6,44704,443,,
Mar 31, 2026 07:59:46.096663067 PKT,142.251.38.3,192.168.100.39,17,,,443,52160
Mar 31, 2026 07:59:46.127998384 PKT,142.250.202.227,192.168.100.39,17,,,443,45647
Mar 31, 2026 07:59:46.153855499 PKT,192.168.100.39,142.250.202.227,17,,,45647,443
Mar 31, 2026 07:59:46.229172954 PKT,104.26.7.95,192.168.100.39,6,443,44704,,
Mar 31, 2026 07:59:46.245548612 PKT,142.250.202.227,192.168.100.39,17,,,443,45647
Mar 31, 2026 07:59:46.247448525 PKT,192.168.100.39,142.250.202.227,17,,,45647,443
Mar 31, 2026 07:59:46.248898814 PKT,142.250.202.227,192.168.100.39,17,,,443,45647
Mar 31, 2026 07:59:46.275093171 PKT,192.168.100.39,13.69.116.108,6,34038,443,,
Mar 31, 2026 07:59:46.275541654 PKT,192.168.100.39,13.69.116.108,6,34038,443,,
Mar 31, 2026 07:59:46.275580208 PKT,192.168.100.39,13.69.116.108,6,34038,443,,
Mar 31, 2026 07:59:46.275620937 PKT,192.168.100.39,13.69.116.108,6,34038,443,,
Mar 31, 2026 07:59:46.275653778 PKT,192.168.100.39,13.69.116.108,6,34038,443,,
Mar 31, 2026 07:59:46.276194459 PKT,192.168.100.39,142.250.202.227,17,,,45647,443
Mar 31, 2026 07:59:46.287322364 PKT,142.250.202.227,192.168.100.39,17,,,443,45647
Mar 31, 2026 07:59:46.314452789 PKT,192.168.100.39,142.250.202.227,17,,,45647,443
Mar 31, 2026 07:59:46.519475498 PKT,13.69.116.108,192.168.100.39,6,443,34038,,
Mar 31, 2026 07:59:46.519476365 PKT,13.69.116.108,192.168.100.39,6,443,34038,,
Mar 31, 2026 07:59:46.519548294 PKT,192.168.100.39,13.69.116.108,6,34038,443,,
Mar 31, 2026 07:59:46.520558646 PKT,13.69.116.108,192.168.100.39,6,443,34038,,
Mar 31, 2026 07:59:46.520559402 PKT,13.69.116.108,192.168.100.39,6,443,34038,,
Mar 31, 2026 07:59:46.625835863 PKT,104.26.7.95,192.168.100.39,6,443,44704,,
Mar 31, 2026 07:59:46.627074733 PKT,104.26.7.95,192.168.100.39,6,443,44704,,
Mar 31, 2026 07:59:46.627075199 PKT,104.26.7.95,192.168.100.39,6,443,44704,,
Mar 31, 2026 07:59:46.627141898 PKT,192.168.100.39,104.26.7.95,6,44704,443,,
Mar 31, 2026 07:59:46.632380166 PKT,192.168.100.39,104.26.7.95,6,44704,443,,
Mar 31, 2026 07:59:46.638003691 PKT,192.168.100.39,192.168.100.1,17,,,59271,53
Mar 31, 2026 07:59:46.639638134 PKT,192.168.100.39,192.168.100.1,17,,,43165,53
Mar 31, 2026 07:59:46.644612240 PKT,192.168.100.1,192.168.100.39,17,,,53,43165
Mar 31, 2026 07:59:46.647793139 PKT,192.168.100.1,192.168.100.39,17,,,53,59271
Mar 31, 2026 07:59:46.649217335 PKT,192.168.100.39,142.250.186.22,6,59334,443,,
Mar 31, 2026 07:59:46.664685900 PKT,13.69.116.108,192.168.100.39,6,443,34038,,
Mar 31, 2026 07:59:46.664771951 PKT,192.168.100.39,13.69.116.108,6,34038,443,,
Mar 31, 2026 07:59:46.671483893 PKT,192.168.100.39,13.69.116.108,6,34038,443,,
Mar 31, 2026 07:59:46.688846696 PKT,142.250.186.22,192.168.100.39,6,443,59334,,
Mar 31, 2026 07:59:46.688969847 PKT,192.168.100.39,142.250.186.22,6,59334,443,,
Mar 31, 2026 07:59:46.691294029 PKT,192.168.100.39,142.250.186.22,6,59334,443,,
Mar 31, 2026 07:59:46.691331954 PKT,192.168.100.39,142.250.186.22,6,59334,443,,
Mar 31, 2026 07:59:46.736241555 PKT,142.250.186.22,192.168.100.39,6,443,59334,,
Mar 31, 2026 07:59:46.736242429 PKT,142.250.186.22,192.168.100.39,6,443,59334,,
Mar 31, 2026 07:59:46.774364062 PKT,104.26.7.95,192.168.100.39,6,443,44704,,
Mar 31, 2026 07:59:46.848990884 PKT,142.250.186.22,192.168.100.39,6,443,59334,,
Mar 31, 2026 07:59:46.849064888 PKT,192.168.100.39,142.250.186.22,6,59334,443,,
Mar 31, 2026 07:59:46.862051207 PKT,192.168.100.39,142.250.186.22,6,59334,443,,
Mar 31, 2026 07:59:46.862719720 PKT,192.168.100.39,142.250.186.22,6,59334,443,,
Mar 31, 2026 07:59:46.863507076 PKT,192.168.100.39,142.250.186.22,6,59334,443,,
Mar 31, 2026 07:59:46.868836192 PKT,13.69.116.108,192.168.100.39,6,443,34038,,
Mar 31, 2026 07:59:46.900664891 PKT,142.250.186.22,192.168.100.39,6,443,59334,,
Mar 31, 2026 07:59:46.900987794 PKT,142.250.186.22,192.168.100.39,6,443,59334,,
Mar 31, 2026 07:59:46.901332646 PKT,142.250.186.22,192.168.100.39,6,443,59334,,
Mar 31, 2026 07:59:46.901511207 PKT,192.168.100.39,142.250.186.22,6,59334,443,,
Mar 31, 2026 07:59:46.901745628 PKT,192.168.100.39,142.250.186.22,6,59334,443,,
Mar 31, 2026 07:59:46.904725319 PKT,142.250.186.22,192.168.100.39,6,443,59334,,
Mar 31, 2026 07:59:46.905766476 PKT,192.168.100.39,142.250.186.22,6,59334,443,,
Mar 31, 2026 07:59:46.906208462 PKT,192.168.100.39,142.250.186.22,6,59334,443,,
Mar 31, 2026 07:59:46.944578247 PKT,142.250.186.22,192.168.100.39,6,443,59334,,
Mar 31, 2026 07:59:46.950401615 PKT,142.250.186.22,192.168.100.39,6,443,59334,,
Mar 31, 2026 07:59:46.999981108 PKT,192.168.100.39,64.233.167.188,6,51348,5228,,
Mar 31, 2026 07:59:47.240232920 PKT,64.233.167.188,192.168.100.39,6,5228,51348,,
Mar 31, 2026 07:59:47.761911081 PKT,192.168.100.39,192.168.100.1,17,,,52887,53
Mar 31, 2026 07:59:47.762876354 PKT,192.168.100.39,192.168.100.1,17,,,54396,53
Mar 31, 2026 07:59:47.771132232 PKT,192.168.100.1,192.168.100.39,17,,,53,52887
Mar 31, 2026 07:59:47.774989797 PKT,192.168.100.1,192.168.100.39,17,,,53,54396
Mar 31, 2026 07:59:47.775646948 PKT,192.168.100.39,192.168.100.1,17,,,45807,53
Mar 31, 2026 07:59:47.786755773 PKT,192.168.100.39,13.107.246.63,6,47260,443,,
Mar 31, 2026 07:59:47.793775832 PKT,192.168.100.1,192.168.100.39,17,,,53,45807
Mar 31, 2026 07:59:47.833654503 PKT,13.107.246.63,192.168.100.39,6,443,47260,,
Mar 31, 2026 07:59:47.833774069 PKT,192.168.100.39,13.107.246.63,6,47260,443,,
Mar 31, 2026 07:59:47.836301111 PKT,192.168.100.39,13.107.246.63,6,47260,443,,
Mar 31, 2026 07:59:47.836344225 PKT,192.168.100.39,13.107.246.63,6,47260,443,,
Mar 31, 2026 07:59:47.881815646 PKT,13.107.246.63,192.168.100.39,6,443,47260,,
Mar 31, 2026 07:59:47.881816511 PKT,13.107.246.63,192.168.100.39,6,443,47260,,
Mar 31, 2026 07:59:47.881964755 PKT,192.168.100.39,13.107.246.63,6,47260,443,,
Mar 31, 2026 07:59:47.883054987 PKT,192.168.100.39,13.107.246.63,6,47260,443,,
Mar 31, 2026 07:59:47.928745484 PKT,13.107.246.63,192.168.100.39,6,443,47260,,
Mar 31, 2026 07:59:47.928746400 PKT,13.107.246.63,192.168.100.39,6,443,47260,,
Mar 31, 2026 07:59:47.929080651 PKT,192.168.100.39,13.107.246.63,6,47260,443,,
Mar 31, 2026 07:59:47.929802415 PKT,13.107.246.63,192.168.100.39,6,443,47260,,
Mar 31, 2026 07:59:47.929802998 PKT,13.107.246.63,192.168.100.39,6,443,47260,,
Mar 31, 2026 07:59:47.930190598 PKT,13.107.246.63,192.168.100.39,6,443,47260,,
Mar 31, 2026 07:59:47.930969386 PKT,192.168.100.39,13.107.246.63,6,47260,443,,
Mar 31, 2026 07:59:47.932221070 PKT,192.168.100.39,13.107.246.63,6,47260,443,,
Mar 31, 2026 07:59:47.932821264 PKT,192.168.100.39,13.107.246.63,6,47260,443,,
Mar 31, 2026 07:59:47.933477101 PKT,192.168.100.39,13.107.246.63,6,47260,443,,
Mar 31, 2026 07:59:47.977123271 PKT,13.107.246.63,192.168.100.39,6,443,47260,,
Mar 31, 2026 07:59:47.977124181 PKT,13.107.246.63,192.168.100.39,6,443,47260,,
Mar 31, 2026 07:59:47.977443412 PKT,13.107.246.63,192.168.100.39,6,443,47260,,
Mar 31, 2026 07:59:47.977580658 PKT,192.168.100.39,13.107.246.63,6,47260,443,,
Mar 31, 2026 07:59:47.978244204 PKT,192.168.100.39,13.107.246.63,6,47260,443,,
Mar 31, 2026 07:59:47.979835466 PKT,13.107.246.63,192.168.100.39,6,443,47260,,
Mar 31, 2026 07:59:47.980089418 PKT,192.168.100.39,13.107.246.63,6,47260,443,,
Mar 31, 2026 07:59:47.981517413 PKT,13.107.246.63,192.168.100.39,6,443,47260,,
Mar 31, 2026 07:59:47.981781783 PKT,192.168.100.39,13.107.246.63,6,47260,443,,
Mar 31, 2026 07:59:47.984684205 PKT,13.107.246.63,192.168.100.39,6,443,47260,,
Mar 31, 2026 07:59:47.984968530 PKT,192.168.100.39,13.107.246.63,6,47260,443,,
Mar 31, 2026 07:59:47.987789594 PKT,13.107.246.63,192.168.100.39,6,443,47260,,
Mar 31, 2026 07:59:47.988966755 PKT,13.107.246.63,192.168.100.39,6,443,47260,,
Mar 31, 2026 07:59:47.989227018 PKT,192.168.100.39,13.107.246.63,6,47260,443,,
Mar 31, 2026 07:59:47.990913466 PKT,13.107.246.63,192.168.100.39,6,443,47260,,
Mar 31, 2026 07:59:47.991167903 PKT,192.168.100.39,13.107.246.63,6,47260,443,,
Mar 31, 2026 07:59:47.994169762 PKT,13.107.246.63,192.168.100.39,6,443,47260,,
Mar 31, 2026 07:59:47.994356022 PKT,192.168.100.39,13.107.246.63,6,47260,443,,
Mar 31, 2026 07:59:47.997344345 PKT,13.107.246.63,192.168.100.39,6,443,47260,,
Mar 31, 2026 07:59:47.997823712 PKT,13.107.246.63,192.168.100.39,6,443,47260,,
Mar 31, 2026 07:59:47.999608121 PKT,192.168.100.39,13.107.246.63,6,47260,443,,
Mar 31, 2026 07:59:48.000056342 PKT,13.107.246.63,192.168.100.39,6,443,47260,,
Mar 31, 2026 07:59:48.000510545 PKT,13.107.246.63,192.168.100.39,6,443,47260,,
Mar 31, 2026 07:59:48.001125842 PKT,192.168.100.39,13.107.246.63,6,47260,443,,
Mar 31, 2026 07:59:48.003239279 PKT,13.107.246.63,192.168.100.39,6,443,47260,,
Mar 31, 2026 07:59:48.022808920 PKT,13.107.246.63,192.168.100.39,6,443,47260,,
Mar 31, 2026 07:59:48.023117335 PKT,192.168.100.39,13.107.246.63,6,47260,443,,
Mar 31, 2026 07:59:48.024198020 PKT,13.107.246.63,192.168.100.39,6,443,47260,,
Mar 31, 2026 07:59:48.024279877 PKT,192.168.100.39,13.107.246.63,6,47260,443,,
Mar 31, 2026 07:59:48.027447486 PKT,13.107.246.63,192.168.100.39,6,443,47260,,
Mar 31, 2026 07:59:48.027529642 PKT,192.168.100.39,13.107.246.63,6,47260,443,,
Mar 31, 2026 07:59:48.030288374 PKT,13.107.246.63,192.168.100.39,6,443,47260,,
Mar 31, 2026 07:59:48.030721984 PKT,13.107.246.63,192.168.100.39,6,443,47260,,
Mar 31, 2026 07:59:48.030771786 PKT,192.168.100.39,13.107.246.63,6,47260,443,,
Mar 31, 2026 07:59:48.033630482 PKT,13.107.246.63,192.168.100.39,6,443,47260,,
Mar 31, 2026 07:59:48.033962295 PKT,13.107.246.63,192.168.100.39,6,443,47260,,
Mar 31, 2026 07:59:48.034019982 PKT,192.168.100.39,13.107.246.63,6,47260,443,,
Mar 31, 2026 07:59:48.037060861 PKT,13.107.246.63,192.168.100.39,6,443,47260,,
Mar 31, 2026 07:59:48.037278150 PKT,13.107.246.63,192.168.100.39,6,443,47260,,
Mar 31, 2026 07:59:48.037347934 PKT,192.168.100.39,13.107.246.63,6,47260,443,,
Mar 31, 2026 07:59:48.040144546 PKT,13.107.246.63,192.168.100.39,6,443,47260,,
Mar 31, 2026 07:59:48.040436280 PKT,192.168.100.39,13.107.246.63,6,47260,443,,
Mar 31, 2026 07:59:48.042981019 PKT,13.107.246.63,192.168.100.39,6,443,47260,,
Mar 31, 2026 07:59:48.043381811 PKT,13.107.246.63,192.168.100.39,6,443,47260,,
Mar 31, 2026 07:59:48.043430918 PKT,192.168.100.39,13.107.246.63,6,47260,443,,
Mar 31, 2026 07:59:48.048784200 PKT,13.107.246.63,192.168.100.39,6,443,47260,,
Mar 31, 2026 07:59:48.049169022 PKT,192.168.100.39,13.107.246.63,6,47260,443,,
Mar 31, 2026 07:59:48.049398953 PKT,13.107.246.63,192.168.100.39,6,443,47260,,
Mar 31, 2026 07:59:48.049550984 PKT,192.168.100.39,13.107.246.63,6,47260,443,,
Mar 31, 2026 07:59:48.052547517 PKT,13.107.246.63,192.168.100.39,6,443,47260,,
Mar 31, 2026 07:59:48.052969877 PKT,13.107.246.63,192.168.100.39,6,443,47260,,
Mar 31, 2026 07:59:48.053065656 PKT,192.168.100.39,13.107.246.63,6,47260,443,,
Mar 31, 2026 07:59:48.054854301 PKT,13.107.246.63,192.168.100.39,6,443,47260,,
Mar 31, 2026 07:59:48.055274005 PKT,13.107.246.63,192.168.100.39,6,443,47260,,
Mar 31, 2026 07:59:48.055318076 PKT,192.168.100.39,13.107.246.63,6,47260,443,,
Mar 31, 2026 07:59:48.057643692 PKT,13.107.246.63,192.168.100.39,6,443,47260,,
Mar 31, 2026 07:59:48.058029706 PKT,13.107.246.63,192.168.100.39,6,443,47260,,
Mar 31, 2026 07:59:48.058063850 PKT,192.168.100.39,13.107.246.63,6,47260,443,,
Mar 31, 2026 07:59:48.068790645 PKT,13.107.246.63,192.168.100.39,6,443,47260,,
Mar 31, 2026 07:59:48.069072761 PKT,192.168.100.39,13.107.246.63,6,47260,443,,
Mar 31, 2026 07:59:48.069661181 PKT,13.107.246.63,192.168.100.39,6,443,47260,,
Mar 31, 2026 07:59:48.069747879 PKT,192.168.100.39,13.107.246.63,6,47260,443,,
Mar 31, 2026 07:59:48.071690576 PKT,13.107.246.63,192.168.100.39,6,443,47260,,
Mar 31, 2026 07:59:48.071745869 PKT,192.168.100.39,13.107.246.63,6,47260,443,,
Mar 31, 2026 07:59:48.072482745 PKT,13.107.246.63,192.168.100.39,6,443,47260,,
Mar 31, 2026 07:59:48.114053224 PKT,192.168.100.39,13.107.246.63,6,47260,443,,
Mar 31, 2026 07:59:48.151407440 PKT,,,,,,,
Mar 31, 2026 07:59:49.175010637 PKT,,,,,,,
Mar 31, 2026 07:59:49.491584301 PKT,172.64.148.235,192.168.100.39,6,443,57290,,
Mar 31, 2026 07:59:49.492106183 PKT,192.168.100.39,172.64.148.235,6,57290,443,,
Mar 31, 2026 07:59:49.513777734 PKT,172.64.148.235,192.168.100.39,6,443,57290,,
Mar 31, 2026 07:59:50.199960132 PKT,,,,,,,
Mar 31, 2026 07:59:51.020291380 PKT,157.240.227.60,192.168.100.39,6,5222,51884,,
Mar 31, 2026 07:59:51.020319866 PKT,192.168.100.39,157.240.227.60,6,51884,5222,,
Mar 31, 2026 07:59:51.021355021 PKT,192.168.100.39,157.240.227.60,6,51884,5222,,
Mar 31, 2026 07:59:51.059776490 PKT,157.240.227.60,192.168.100.39,6,5222,51884,,
Mar 31, 2026 07:59:51.335820372 PKT,192.168.100.39,142.250.202.238,6,52610,443,,
Mar 31, 2026 07:59:51.335849206 PKT,192.168.100.39,142.250.202.238,6,52610,443,,
Mar 31, 2026 07:59:51.335862514 PKT,192.168.100.39,142.250.202.238,6,52610,443,,
Mar 31, 2026 07:59:51.337616810 PKT,192.168.100.39,142.250.202.238,6,52610,443,,
Mar 31, 2026 07:59:51.383291943 PKT,142.250.202.238,192.168.100.39,6,443,52610,,
Mar 31, 2026 07:59:51.383921025 PKT,142.250.202.238,192.168.100.39,6,443,52610,,
Mar 31, 2026 07:59:51.385013483 PKT,142.250.202.238,192.168.100.39,6,443,52610,,
Mar 31, 2026 07:59:51.385013765 PKT,142.250.202.238,192.168.100.39,6,443,52610,,
Mar 31, 2026 07:59:51.385853334 PKT,142.250.202.238,192.168.100.39,6,443,52610,,
Mar 31, 2026 07:59:51.428008800 PKT,192.168.100.39,142.250.202.238,6,52610,443,,
Mar 31, 2026 07:59:51.528865524 PKT,142.250.202.238,192.168.100.39,6,443,52610,,
Mar 31, 2026 07:59:51.528995609 PKT,192.168.100.39,142.250.202.238,6,52610,443,,
Mar 31, 2026 07:59:51.555282654 PKT,142.250.202.238,192.168.100.39,6,443,52610,,
Mar 31, 2026 07:59:51.555283753 PKT,142.250.202.238,192.168.100.39,6,443,52610,,
Mar 31, 2026 07:59:51.555404854 PKT,192.168.100.39,142.250.202.238,6,52610,443,,
Mar 31, 2026 07:59:51.555463673 PKT,192.168.100.39,142.250.202.238,6,52610,443,,
Mar 31, 2026 07:59:51.558241517 PKT,192.168.100.39,142.250.202.238,6,52610,443,,
Mar 31, 2026 07:59:51.609579515 PKT,142.250.202.238,192.168.100.39,6,443,52610,,
Mar 31, 2026 07:59:51.963457334 PKT,192.168.100.39,142.250.202.238,6,52610,443,,
Mar 31, 2026 07:59:51.963517277 PKT,192.168.100.39,142.250.202.238,6,52610,443,,
Mar 31, 2026 07:59:51.963561093 PKT,192.168.100.39,142.250.202.238,6,52610,443,,
Mar 31, 2026 07:59:51.963578378 PKT,192.168.100.39,142.250.202.238,6,52610,443,,
Mar 31, 2026 07:59:51.972588321 PKT,192.168.100.39,142.250.202.238,6,52610,443,,
Mar 31, 2026 07:59:51.972689053 PKT,192.168.100.39,142.250.202.238,6,52610,443,,
Mar 31, 2026 07:59:51.973561618 PKT,192.168.100.39,142.250.202.238,6,52610,443,,
Mar 31, 2026 07:59:51.978156570 PKT,192.168.100.39,142.250.202.238,6,52610,443,,
Mar 31, 2026 07:59:51.999247629 PKT,192.168.100.39,192.168.100.1,17,,,60153,53
Mar 31, 2026 07:59:51.999992298 PKT,192.168.100.39,192.168.100.1,17,,,57816,53
Mar 31, 2026 07:59:52.008156428 PKT,192.168.100.1,192.168.100.39,17,,,53,60153
Mar 31, 2026 07:59:52.013062111 PKT,142.250.202.238,192.168.100.39,6,443,52610,,
Mar 31, 2026 07:59:52.013062458 PKT,142.250.202.238,192.168.100.39,6,443,52610,,
Mar 31, 2026 07:59:52.013062575 PKT,192.168.100.1,192.168.100.39,17,,,53,57816
Mar 31, 2026 07:59:52.013062679 PKT,142.250.202.238,192.168.100.39,6,443,52610,,
Mar 31, 2026 07:59:52.015552336 PKT,192.168.100.39,142.250.186.238,17,,,34914,443
Mar 31, 2026 07:59:52.015665326 PKT,192.168.100.39,142.250.186.238,17,,,34914,443
Mar 31, 2026 07:59:52.020228383 PKT,142.250.202.238,192.168.100.39,6,443,52610,,
Mar 31, 2026 07:59:52.020228729 PKT,142.250.202.238,192.168.100.39,6,443,52610,,
Mar 31, 2026 07:59:52.020229662 PKT,142.250.202.238,192.168.100.39,6,443,52610,,
Mar 31, 2026 07:59:52.021415831 PKT,192.168.100.39,142.250.186.238,17,,,34914,443
Mar 31, 2026 07:59:52.021771655 PKT,192.168.100.39,142.250.186.238,17,,,34914,443
Mar 31, 2026 07:59:52.022189173 PKT,192.168.100.39,142.250.186.238,17,,,34914,443
Mar 31, 2026 07:59:52.024650617 PKT,142.250.202.238,192.168.100.39,6,443,52610,,
Mar 31, 2026 07:59:52.059624976 PKT,142.250.186.238,192.168.100.39,17,,,443,34914
Mar 31, 2026 07:59:52.059625322 PKT,142.250.186.238,192.168.100.39,17,,,443,34914
Mar 31, 2026 07:59:52.093579957 PKT,192.168.100.39,192.168.100.1,17,,,39642,53
Mar 31, 2026 07:59:52.094008413 PKT,192.168.100.39,192.168.100.1,17,,,34870,53
Mar 31, 2026 07:59:52.103460783 PKT,192.168.100.1,192.168.100.39,17,,,53,39642
Mar 31, 2026 07:59:52.105110201 PKT,192.168.100.39,142.250.186.238,17,,,34914,443
Mar 31, 2026 07:59:52.108674813 PKT,192.168.100.1,192.168.100.39,17,,,53,34870
Mar 31, 2026 07:59:52.110908492 PKT,192.168.100.39,216.239.32.223,17,,,56434,443
Mar 31, 2026 07:59:52.111002928 PKT,192.168.100.39,216.239.32.223,17,,,56434,443
Mar 31, 2026 07:59:52.112871561 PKT,192.168.100.39,192.168.100.1,17,,,58819,53
Mar 31, 2026 07:59:52.113311812 PKT,192.168.100.39,192.168.100.1,17,,,51909,53
Mar 31, 2026 07:59:52.132750443 PKT,192.168.100.39,216.239.32.223,17,,,56434,443
Mar 31, 2026 07:59:52.136790309 PKT,192.168.100.1,192.168.100.39,17,,,53,58819
Mar 31, 2026 07:59:52.145747897 PKT,192.168.100.1,192.168.100.39,17,,,53,51909
Mar 31, 2026 07:59:52.146808332 PKT,142.250.186.238,192.168.100.39,17,,,443,34914
Mar 31, 2026 07:59:52.154018160 PKT,142.250.202.238,192.168.100.39,6,443,52610,,
Mar 31, 2026 07:59:52.156408220 PKT,142.250.202.238,192.168.100.39,6,443,52610,,
Mar 31, 2026 07:59:52.156408487 PKT,142.250.202.238,192.168.100.39,6,443,52610,,
Mar 31, 2026 07:59:52.156520170 PKT,192.168.100.39,142.250.202.238,6,52610,443,,
Mar 31, 2026 07:59:52.156640070 PKT,192.168.100.39,142.250.202.238,6,52610,443,,
Mar 31, 2026 07:59:52.157617772 PKT,192.168.100.39,142.251.156.119,6,41832,443,,
Mar 31, 2026 07:59:52.159879693 PKT,216.239.32.223,192.168.100.39,17,,,443,56434
Mar 31, 2026 07:59:52.165653028 PKT,216.239.32.223,192.168.100.39,17,,,443,56434
Mar 31, 2026 07:59:52.165653249 PKT,216.239.32.223,192.168.100.39,17,,,443,56434
Mar 31, 2026 07:59:52.165653361 PKT,142.250.202.238,192.168.100.39,6,443,52610,,
Mar 31, 2026 07:59:52.165653463 PKT,142.250.202.238,192.168.100.39,6,443,52610,,
Mar 31, 2026 07:59:52.166443173 PKT,192.168.100.39,142.250.202.238,6,52610,443,,
Mar 31, 2026 07:59:52.166469728 PKT,192.168.100.39,142.250.202.238,6,52610,443,,
Mar 31, 2026 07:59:52.166476419 PKT,192.168.100.39,142.250.202.238,6,52610,443,,
Mar 31, 2026 07:59:52.166481559 PKT,192.168.100.39,142.250.202.238,6,52610,443,,
Mar 31, 2026 07:59:52.168047347 PKT,192.168.100.39,216.239.32.223,17,,,56434,443
Mar 31, 2026 07:59:52.169014434 PKT,192.168.100.39,142.250.202.238,6,52610,443,,
Mar 31, 2026 07:59:52.169036352 PKT,192.168.100.39,142.250.202.238,6,52610,443,,
Mar 31, 2026 07:59:52.169044140 PKT,192.168.100.39,142.250.202.238,6,52610,443,,
Mar 31, 2026 07:59:52.181283516 PKT,142.250.186.238,192.168.100.39,17,,,443,34914
Mar 31, 2026 07:59:52.181283819 PKT,142.250.186.238,192.168.100.39,17,,,443,34914
Mar 31, 2026 07:59:52.181283928 PKT,142.250.186.238,192.168.100.39,17,,,443,34914
Mar 31, 2026 07:59:52.181284016 PKT,142.250.186.238,192.168.100.39,17,,,443,34914
Mar 31, 2026 07:59:52.182206091 PKT,192.168.100.39,142.250.186.238,17,,,34914,443
Mar 31, 2026 07:59:52.182343677 PKT,192.168.100.39,142.250.186.238,17,,,34914,443
Mar 31, 2026 07:59:52.182978269 PKT,142.250.186.238,192.168.100.39,17,,,443,34914
Mar 31, 2026 07:59:52.182978515 PKT,142.250.186.238,192.168.100.39,17,,,443,34914
Mar 31, 2026 07:59:52.182978604 PKT,142.250.186.238,192.168.100.39,17,,,443,34914
Mar 31, 2026 07:59:52.182978690 PKT,142.250.186.238,192.168.100.39,17,,,443,34914
Mar 31, 2026 07:59:52.183372147 PKT,192.168.100.39,142.250.186.238,17,,,34914,443
Mar 31, 2026 07:59:52.183450329 PKT,192.168.100.39,142.250.186.238,17,,,34914,443
Mar 31, 2026 07:59:52.183886855 PKT,142.250.186.238,192.168.100.39,17,,,443,34914
Mar 31, 2026 07:59:52.183887320 PKT,142.250.186.238,192.168.100.39,17,,,443,34914
Mar 31, 2026 07:59:52.183887447 PKT,142.250.186.238,192.168.100.39,17,,,443,34914
Mar 31, 2026 07:59:52.183887552 PKT,142.250.186.238,192.168.100.39,17,,,443,34914
Mar 31, 2026 07:59:52.183887653 PKT,142.250.186.238,192.168.100.39,17,,,443,34914
Mar 31, 2026 07:59:52.183887760 PKT,142.250.186.238,192.168.100.39,17,,,443,34914
Mar 31, 2026 07:59:52.183887868 PKT,142.250.186.238,192.168.100.39,17,,,443,34914
Mar 31, 2026 07:59:52.183887965 PKT,142.250.186.238,192.168.100.39,17,,,443,34914
Mar 31, 2026 07:59:52.184090391 PKT,192.168.100.39,142.250.186.238,17,,,34914,443
Mar 31, 2026 07:59:52.184198650 PKT,192.168.100.39,142.250.186.238,17,,,34914,443
Mar 31, 2026 07:59:52.184290748 PKT,192.168.100.39,142.250.186.238,17,,,34914,443
Mar 31, 2026 07:59:52.184387627 PKT,192.168.100.39,142.250.186.238,17,,,34914,443
Mar 31, 2026 07:59:52.197985268 PKT,142.251.156.119,192.168.100.39,6,443,41832,,
Mar 31, 2026 07:59:52.198028977 PKT,192.168.100.39,142.251.156.119,6,41832,443,,
Mar 31, 2026 07:59:52.199115551 PKT,192.168.100.39,142.251.156.119,6,41832,443,,
Mar 31, 2026 07:59:52.199140473 PKT,192.168.100.39,142.251.156.119,6,41832,443,,
Mar 31, 2026 07:59:52.199561288 PKT,192.168.100.39,142.250.186.238,17,,,34914,443
Mar 31, 2026 07:59:52.203982010 PKT,142.250.202.238,192.168.100.39,6,443,52610,,
Mar 31, 2026 07:59:52.210080157 PKT,192.168.100.39,216.239.32.223,17,,,56434,443
Mar 31, 2026 07:59:52.211511960 PKT,192.168.100.39,142.250.186.238,17,,,34914,443
Mar 31, 2026 07:59:52.214794267 PKT,142.250.202.238,192.168.100.39,6,443,52610,,
Mar 31, 2026 07:59:52.215776975 PKT,142.250.202.238,192.168.100.39,6,443,52610,,
Mar 31, 2026 07:59:52.219074302 PKT,142.250.202.238,192.168.100.39,6,443,52610,,
Mar 31, 2026 07:59:52.224899845 PKT,142.250.202.238,192.168.100.39,6,443,52610,,
Mar 31, 2026 07:59:52.224900356 PKT,142.250.186.238,192.168.100.39,17,,,443,34914
Mar 31, 2026 07:59:52.225175577 PKT,142.250.186.238,192.168.100.39,17,,,443,34914
Mar 31, 2026 07:59:52.225175719 PKT,142.250.202.238,192.168.100.39,6,443,52610,,
Mar 31, 2026 07:59:52.237208334 PKT,192.168.100.39,142.250.186.238,17,,,34914,443
Mar 31, 2026 07:59:52.238351190 PKT,142.251.156.119,192.168.100.39,6,443,41832,,
Mar 31, 2026 07:59:52.251225336 PKT,142.250.186.238,192.168.100.39,17,,,443,34914
Mar 31, 2026 07:59:52.251650788 PKT,142.250.186.238,192.168.100.39,17,,,443,34914
Mar 31, 2026 07:59:52.251858340 PKT,192.168.100.39,142.250.186.238,17,,,34914,443
Mar 31, 2026 07:59:52.275994326 PKT,216.239.32.223,192.168.100.39,17,,,443,56434
Mar 31, 2026 07:59:52.275994763 PKT,216.239.32.223,192.168.100.39,17,,,443,56434
Mar 31, 2026 07:59:52.275994870 PKT,216.239.32.223,192.168.100.39,17,,,443,56434
Mar 31, 2026 07:59:52.275994961 PKT,216.239.32.223,192.168.100.39,17,,,443,56434
Mar 31, 2026 07:59:52.275995051 PKT,216.239.32.223,192.168.100.39,17,,,443,56434
Mar 31, 2026 07:59:52.276296240 PKT,192.168.100.39,216.239.32.223,17,,,56434,443
Mar 31, 2026 07:59:52.277739916 PKT,192.168.100.39,216.239.32.223,17,,,56434,443
Mar 31, 2026 07:59:52.278246622 PKT,192.168.100.39,216.239.32.223,17,,,56434,443
Mar 31, 2026 07:59:52.279007523 PKT,142.250.186.238,192.168.100.39,17,,,443,34914
Mar 31, 2026 07:59:52.291720224 PKT,192.168.100.39,142.250.186.238,17,,,34914,443
Mar 31, 2026 07:59:52.299907924 PKT,192.168.100.39,142.250.186.238,17,,,34914,443
Mar 31, 2026 07:59:52.316057799 PKT,142.250.186.238,192.168.100.39,17,,,443,34914
Mar 31, 2026 07:59:52.316715332 PKT,216.239.32.223,192.168.100.39,17,,,443,56434
Mar 31, 2026 07:59:52.316715547 PKT,216.239.32.223,192.168.100.39,17,,,443,56434
Mar 31, 2026 07:59:52.316953723 PKT,192.168.100.39,216.239.32.223,17,,,56434,443
Mar 31, 2026 07:59:52.316975717 PKT,216.239.32.223,192.168.100.39,17,,,443,56434
Mar 31, 2026 07:59:52.317055341 PKT,192.168.100.39,216.239.32.223,17,,,56434,443
Mar 31, 2026 07:59:52.317175920 PKT,192.168.100.39,216.239.32.223,17,,,56434,443
Mar 31, 2026 07:59:52.332351719 PKT,142.250.186.238,192.168.100.39,17,,,443,34914
Mar 31, 2026 07:59:52.340729181 PKT,142.250.186.238,192.168.100.39,17,,,443,34914
Mar 31, 2026 07:59:52.341090767 PKT,192.168.100.39,142.250.186.238,17,,,34914,443
Mar 31, 2026 07:59:52.342402672 PKT,142.250.186.238,192.168.100.39,17,,,443,34914
Mar 31, 2026 07:59:52.342403008 PKT,142.250.186.238,192.168.100.39,17,,,443,34914
Mar 31, 2026 07:59:52.342403103 PKT,142.250.186.238,192.168.100.39,17,,,443,34914
Mar 31, 2026 07:59:52.342403218 PKT,142.250.186.238,192.168.100.39,17,,,443,34914
Mar 31, 2026 07:59:52.342403337 PKT,142.250.186.238,192.168.100.39,17,,,443,34914
Mar 31, 2026 07:59:52.342403429 PKT,142.250.186.238,192.168.100.39,17,,,443,34914
Mar 31, 2026 07:59:52.342403525 PKT,142.250.186.238,192.168.100.39,17,,,443,34914
Mar 31, 2026 07:59:52.342403643 PKT,142.250.186.238,192.168.100.39,17,,,443,34914
Mar 31, 2026 07:59:52.342462665 PKT,142.250.186.238,192.168.100.39,17,,,443,34914
Mar 31, 2026 07:59:52.343396215 PKT,142.250.186.238,192.168.100.39,17,,,443,34914
Mar 31, 2026 07:59:52.344156069 PKT,142.250.186.238,192.168.100.39,17,,,443,34914
Mar 31, 2026 07:59:52.344156446 PKT,142.250.186.238,192.168.100.39,17,,,443,34914
Mar 31, 2026 07:59:52.344679528 PKT,192.168.100.39,142.250.186.238,17,,,34914,443
Mar 31, 2026 07:59:52.344807499 PKT,192.168.100.39,142.250.186.238,17,,,34914,443
Mar 31, 2026 07:59:52.344909787 PKT,192.168.100.39,142.250.186.238,17,,,34914,443
Mar 31, 2026 07:59:52.345034567 PKT,192.168.100.39,142.250.186.238,17,,,34914,443
Mar 31, 2026 07:59:52.345128095 PKT,192.168.100.39,142.250.186.238,17,,,34914,443
Mar 31, 2026 07:59:52.345231322 PKT,192.168.100.39,142.250.186.238,17,,,34914,443
Mar 31, 2026 07:59:52.348722861 PKT,142.250.186.238,192.168.100.39,17,,,443,34914
Mar 31, 2026 07:59:52.348723196 PKT,142.250.186.238,192.168.100.39,17,,,443,34914
Mar 31, 2026 07:59:52.348992515 PKT,192.168.100.39,142.250.186.238,17,,,34914,443
Mar 31, 2026 07:59:52.353520357 PKT,142.250.186.238,192.168.100.39,17,,,443,34914
Mar 31, 2026 07:59:52.353520607 PKT,142.250.186.238,192.168.100.39,17,,,443,34914
Mar 31, 2026 07:59:52.353520719 PKT,142.251.156.119,192.168.100.39,6,443,41832,,
Mar 31, 2026 07:59:52.353520843 PKT,142.251.156.119,192.168.100.39,6,443,41832,,
Mar 31, 2026 07:59:52.353564387 PKT,192.168.100.39,142.251.156.119,6,41832,443,,
Mar 31, 2026 07:59:52.353588783 PKT,192.168.100.39,142.251.156.119,6,41832,443,,
Mar 31, 2026 07:59:52.353704027 PKT,142.251.156.119,192.168.100.39,6,443,41832,,
Mar 31, 2026 07:59:52.353710499 PKT,192.168.100.39,142.251.156.119,6,41832,443,,
Mar 31, 2026 07:59:52.353764246 PKT,192.168.100.39,142.250.186.238,17,,,34914,443
Mar 31, 2026 07:59:52.355270181 PKT,142.250.186.238,192.168.100.39,17,,,443,34914
Mar 31, 2026 07:59:52.355270415 PKT,142.250.186.238,192.168.100.39,17,,,443,34914
Mar 31, 2026 07:59:52.355481043 PKT,192.168.100.39,142.250.186.238,17,,,34914,443
Mar 31, 2026 07:59:52.356915044 PKT,142.250.186.238,192.168.100.39,17,,,443,34914
Mar 31, 2026 07:59:52.356915399 PKT,142.250.186.238,192.168.100.39,17,,,443,34914
Mar 31, 2026 07:59:52.357169917 PKT,192.168.100.39,142.250.186.238,17,,,34914,443
Mar 31, 2026 07:59:52.358383264 PKT,192.168.100.39,142.251.156.119,6,41832,443,,
Mar 31, 2026 07:59:52.359326197 PKT,142.250.186.238,192.168.100.39,17,,,443,34914
Mar 31, 2026 07:59:52.359771513 PKT,142.250.186.238,192.168.100.39,17,,,443,34914
Mar 31, 2026 07:59:52.359885098 PKT,192.168.100.39,142.250.186.238,17,,,34914,443
Mar 31, 2026 07:59:52.361426251 PKT,192.168.100.39,142.250.186.238,17,,,34914,443
Mar 31, 2026 07:59:52.362873150 PKT,142.250.186.238,192.168.100.39,17,,,443,34914
Mar 31, 2026 07:59:52.362873503 PKT,142.250.186.238,192.168.100.39,17,,,443,34914
Mar 31, 2026 07:59:52.363058672 PKT,192.168.100.39,142.250.186.238,17,,,34914,443
Mar 31, 2026 07:59:52.366240285 PKT,142.250.186.238,192.168.100.39,17,,,443,34914
Mar 31, 2026 07:59:52.367456108 PKT,142.250.186.238,192.168.100.39,17,,,443,34914
Mar 31, 2026 07:59:52.367692131 PKT,192.168.100.39,142.250.186.238,17,,,34914,443
Mar 31, 2026 07:59:52.368242102 PKT,142.250.186.238,192.168.100.39,17,,,443,34914
Mar 31, 2026 07:59:52.368947935 PKT,142.250.186.238,192.168.100.39,17,,,443,34914
Mar 31, 2026 07:59:52.369141255 PKT,192.168.100.39,142.250.186.238,17,,,34914,443
Mar 31, 2026 07:59:52.372098600 PKT,142.250.186.238,192.168.100.39,17,,,443,34914
Mar 31, 2026 07:59:52.372981258 PKT,142.250.186.238,192.168.100.39,17,,,443,34914
Mar 31, 2026 07:59:52.374411637 PKT,192.168.100.39,142.250.186.238,17,,,34914,443
Mar 31, 2026 07:59:52.374988696 PKT,142.250.186.238,192.168.100.39,17,,,443,34914
Mar 31, 2026 07:59:52.374989090 PKT,142.250.186.238,192.168.100.39,17,,,443,34914
Mar 31, 2026 07:59:52.375826464 PKT,192.168.100.39,142.250.186.238,17,,,34914,443
Mar 31, 2026 07:59:52.377373041 PKT,142.250.186.238,192.168.100.39,17,,,443,34914
Mar 31, 2026 07:59:52.377373343 PKT,142.250.186.238,192.168.100.39,17,,,443,34914
Mar 31, 2026 07:59:52.377598443 PKT,192.168.100.39,142.250.186.238,17,,,34914,443
Mar 31, 2026 07:59:52.380530712 PKT,142.250.186.238,192.168.100.39,17,,,443,34914
Mar 31, 2026 07:59:52.381497211 PKT,142.250.186.238,192.168.100.39,17,,,443,34914
Mar 31, 2026 07:59:52.381668100 PKT,192.168.100.39,142.250.186.238,17,,,34914,443
Mar 31, 2026 07:59:52.383895489 PKT,142.250.186.238,192.168.100.39,17,,,443,34914
Mar 31, 2026 07:59:52.383895783 PKT,142.250.186.238,192.168.100.39,17,,,443,34914
Mar 31, 2026 07:59:52.384172520 PKT,192.168.100.39,142.250.186.238,17,,,34914,443
Mar 31, 2026 07:59:52.386088755 PKT,142.250.186.238,192.168.100.39,17,,,443,34914
Mar 31, 2026 07:59:52.386893534 PKT,142.250.186.238,192.168.100.39,17,,,443,34914
Mar 31, 2026 07:59:52.387065489 PKT,192.168.100.39,142.250.186.238,17,,,34914,443
Mar 31, 2026 07:59:52.390291054 PKT,142.250.186.238,192.168.100.39,17,,,443,34914
Mar 31, 2026 07:59:52.391239710 PKT,142.250.186.238,192.168.100.39,17,,,443,34914
Mar 31, 2026 07:59:52.391549068 PKT,192.168.100.39,142.250.186.238,17,,,34914,443
Mar 31, 2026 07:59:52.393568116 PKT,142.250.186.238,192.168.100.39,17,,,443,34914
Mar 31, 2026 07:59:52.393568504 PKT,142.250.186.238,192.168.100.39,17,,,443,34914
Mar 31, 2026 07:59:52.394622495 PKT,192.168.100.39,142.250.186.238,17,,,34914,443
Mar 31, 2026 07:59:52.394946604 PKT,142.250.186.238,192.168.100.39,17,,,443,34914
Mar 31, 2026 07:59:52.395571464 PKT,142.250.186.238,192.168.100.39,17,,,443,34914
Mar 31, 2026 07:59:52.395777341 PKT,192.168.100.39,142.250.186.238,17,,,34914,443
Mar 31, 2026 07:59:52.396952017 PKT,192.168.100.39,142.250.186.238,17,,,34914,443
Mar 31, 2026 07:59:52.397329288 PKT,192.168.100.39,142.250.202.238,6,52610,443,,
Mar 31, 2026 07:59:52.397345020 PKT,192.168.100.39,142.250.202.238,6,52610,443,,
Mar 31, 2026 07:59:52.397350874 PKT,192.168.100.39,142.250.202.238,6,52610,443,,
Mar 31, 2026 07:59:52.399110729 PKT,142.250.186.238,192.168.100.39,17,,,443,34914
Mar 31, 2026 07:59:52.399111056 PKT,142.250.186.238,192.168.100.39,17,,,443,34914
Mar 31, 2026 07:59:52.399112130 PKT,142.251.156.119,192.168.100.39,6,443,41832,,
Mar 31, 2026 07:59:52.399320779 PKT,192.168.100.39,142.250.186.238,17,,,34914,443
Mar 31, 2026 07:59:52.403445096 PKT,142.250.186.238,192.168.100.39,17,,,443,34914
Mar 31, 2026 07:59:52.403445473 PKT,142.250.186.238,192.168.100.39,17,,,443,34914
Mar 31, 2026 07:59:52.403445618 PKT,142.250.186.238,192.168.100.39,17,,,443,34914
Mar 31, 2026 07:59:52.403445739 PKT,142.250.186.238,192.168.100.39,17,,,443,34914
Mar 31, 2026 07:59:52.403445867 PKT,142.250.186.238,192.168.100.39,17,,,443,34914
Mar 31, 2026 07:59:52.403977048 PKT,192.168.100.39,142.250.186.238,17,,,34914,443
Mar 31, 2026 07:59:52.404157044 PKT,192.168.100.39,142.250.186.238,17,,,34914,443
Mar 31, 2026 07:59:52.423364056 PKT,142.250.202.238,192.168.100.39,6,443,52610,,
Mar 31, 2026 07:59:52.423364589 PKT,142.250.202.238,192.168.100.39,6,443,52610,,
Mar 31, 2026 07:59:52.424390523 PKT,192.168.100.39,142.250.202.238,6,52610,443,,
Mar 31, 2026 07:59:52.425003395 PKT,142.250.202.238,192.168.100.39,6,443,52610,,
Mar 31, 2026 07:59:52.426025132 PKT,142.250.202.238,192.168.100.39,6,443,52610,,
Mar 31, 2026 07:59:52.427024207 PKT,192.168.100.39,142.250.202.238,6,52610,443,,
Mar 31, 2026 07:59:52.428975201 PKT,142.250.202.238,192.168.100.39,6,443,52610,,
Mar 31, 2026 07:59:52.430363364 PKT,192.168.100.39,142.250.202.238,6,52610,443,,
Mar 31, 2026 07:59:52.431249829 PKT,192.168.100.39,142.250.186.238,17,,,34914,443
Mar 31, 2026 07:59:52.431471788 PKT,142.250.202.238,192.168.100.39,6,443,52610,,
Mar 31, 2026 07:59:52.431867664 PKT,192.168.100.39,142.250.202.238,6,52610,443,,
Mar 31, 2026 07:59:52.433420293 PKT,142.250.202.238,192.168.100.39,6,443,52610,,
Mar 31, 2026 07:59:52.433734347 PKT,142.250.186.238,192.168.100.39,17,,,443,34914
Mar 31, 2026 07:59:52.442535165 PKT,142.250.186.238,192.168.100.39,17,,,443,34914
Mar 31, 2026 07:59:52.450120091 PKT,142.250.202.238,192.168.100.39,6,443,52610,,
Mar 31, 2026 07:59:52.450120528 PKT,142.250.202.238,192.168.100.39,6,443,52610,,
Mar 31, 2026 07:59:52.450120642 PKT,142.250.202.238,192.168.100.39,6,443,52610,,
Mar 31, 2026 07:59:52.451014124 PKT,192.168.100.39,142.250.186.238,17,,,34914,443
Mar 31, 2026 07:59:52.473994652 PKT,192.168.100.39,142.250.202.238,6,52610,443,,
Mar 31, 2026 07:59:52.476325217 PKT,142.250.202.238,192.168.100.39,6,443,52610,,
Mar 31, 2026 07:59:52.491583103 PKT,142.250.186.238,192.168.100.39,17,,,443,34914
Mar 31, 2026 07:59:52.492631585 PKT,142.250.186.238,192.168.100.39,17,,,443,34914
Mar 31, 2026 07:59:52.492871943 PKT,192.168.100.39,142.250.186.238,17,,,34914,443
Mar 31, 2026 07:59:52.519235445 PKT,216.239.32.223,192.168.100.39,17,,,443,56434
Mar 31, 2026 07:59:52.519584248 PKT,192.168.100.39,216.239.32.223,17,,,56434,443
Mar 31, 2026 07:59:52.521519098 PKT,216.239.32.223,192.168.100.39,17,,,443,56434
Mar 31, 2026 07:59:52.521519549 PKT,216.239.32.223,192.168.100.39,17,,,443,56434
Mar 31, 2026 07:59:52.521519638 PKT,216.239.32.223,192.168.100.39,17,,,443,56434
Mar 31, 2026 07:59:52.521519727 PKT,216.239.32.223,192.168.100.39,17,,,443,56434
Mar 31, 2026 07:59:52.521519815 PKT,216.239.32.223,192.168.100.39,17,,,443,56434
Mar 31, 2026 07:59:52.521519904 PKT,216.239.32.223,192.168.100.39,17,,,443,56434
Mar 31, 2026 07:59:52.521519990 PKT,216.239.32.223,192.168.100.39,17,,,443,56434
Mar 31, 2026 07:59:52.522236194 PKT,192.168.100.39,216.239.32.223,17,,,56434,443
Mar 31, 2026 07:59:52.522397083 PKT,192.168.100.39,216.239.32.223,17,,,56434,443
Mar 31, 2026 07:59:52.522497557 PKT,192.168.100.39,216.239.32.223,17,,,56434,443
Mar 31, 2026 07:59:52.548548587 PKT,192.168.100.39,216.239.32.223,17,,,56434,443
Mar 31, 2026 07:59:52.558242876 PKT,142.250.186.238,192.168.100.39,17,,,443,34914
Mar 31, 2026 07:59:52.584299897 PKT,216.239.32.223,192.168.100.39,17,,,443,56434
Mar 31, 2026 07:59:52.658259231 PKT,142.250.202.238,192.168.100.39,6,443,52610,,
Mar 31, 2026 07:59:52.658298679 PKT,192.168.100.39,142.250.202.238,6,52610,443,,
Mar 31, 2026 07:59:52.659360017 PKT,142.250.202.238,192.168.100.39,6,443,52610,,
Mar 31, 2026 07:59:52.659375740 PKT,192.168.100.39,142.250.202.238,6,52610,443,,
Mar 31, 2026 07:59:52.660840114 PKT,142.250.202.238,192.168.100.39,6,443,52610,,
Mar 31, 2026 07:59:52.660867962 PKT,192.168.100.39,142.250.202.238,6,52610,443,,
Mar 31, 2026 07:59:52.662763593 PKT,142.250.202.238,192.168.100.39,6,443,52610,,
Mar 31, 2026 07:59:52.662794542 PKT,192.168.100.39,142.250.202.238,6,52610,443,,
Mar 31, 2026 07:59:52.664544781 PKT,142.250.202.238,192.168.100.39,6,443,52610,,
Mar 31, 2026 07:59:52.664567001 PKT,192.168.100.39,142.250.202.238,6,52610,443,,
Mar 31, 2026 07:59:52.666281372 PKT,142.250.202.238,192.168.100.39,6,443,52610,,
Mar 31, 2026 07:59:52.666308523 PKT,192.168.100.39,142.250.202.238,6,52610,443,,
Mar 31, 2026 07:59:52.668670056 PKT,142.250.202.238,192.168.100.39,6,443,52610,,
Mar 31, 2026 07:59:52.668698637 PKT,192.168.100.39,142.250.202.238,6,52610,443,,
Mar 31, 2026 07:59:52.669961302 PKT,142.250.202.238,192.168.100.39,6,443,52610,,
Mar 31, 2026 07:59:52.669986587 PKT,192.168.100.39,142.250.202.238,6,52610,443,,
Mar 31, 2026 07:59:52.671768877 PKT,142.250.202.238,192.168.100.39,6,443,52610,,
Mar 31, 2026 07:59:52.671795921 PKT,192.168.100.39,142.250.202.238,6,52610,443,,
Mar 31, 2026 07:59:52.675136917 PKT,142.250.202.238,192.168.100.39,6,443,52610,,
Mar 31, 2026 07:59:52.675170749 PKT,192.168.100.39,142.250.202.238,6,52610,443,,
Mar 31, 2026 07:59:52.676988664 PKT,142.250.202.238,192.168.100.39,6,443,52610,,
Mar 31, 2026 07:59:52.677023339 PKT,192.168.100.39,142.250.202.238,6,52610,443,,
Mar 31, 2026 07:59:52.679438575 PKT,142.250.202.238,192.168.100.39,6,443,52610,,
Mar 31, 2026 07:59:52.682003398 PKT,192.168.100.39,142.250.202.238,6,52610,443,,
Mar 31, 2026 07:59:52.682334262 PKT,142.250.202.238,192.168.100.39,6,443,52610,,
Mar 31, 2026 07:59:52.682394045 PKT,192.168.100.39,142.250.202.238,6,52610,443,,
Mar 31, 2026 07:59:52.684914177 PKT,142.250.202.238,192.168.100.39,6,443,52610,,
Mar 31, 2026 07:59:52.684951078 PKT,192.168.100.39,142.250.202.238,6,52610,443,,
Mar 31, 2026 07:59:52.687325213 PKT,142.250.202.238,192.168.100.39,6,443,52610,,
Mar 31, 2026 07:59:52.687349972 PKT,192.168.100.39,142.250.202.238,6,52610,443,,
Mar 31, 2026 07:59:52.690034704 PKT,142.250.202.238,192.168.100.39,6,443,52610,,
Mar 31, 2026 07:59:52.690056123 PKT,192.168.100.39,142.250.202.238,6,52610,443,,
Mar 31, 2026 07:59:52.692956119 PKT,142.250.202.238,192.168.100.39,6,443,52610,,
Mar 31, 2026 07:59:52.692988945 PKT,192.168.100.39,142.250.202.238,6,52610,443,,
Mar 31, 2026 07:59:52.695677923 PKT,142.250.202.238,192.168.100.39,6,443,52610,,
Mar 31, 2026 07:59:52.695712177 PKT,192.168.100.39,142.250.202.238,6,52610,443,,
Mar 31, 2026 07:59:52.697798263 PKT,142.250.202.238,192.168.100.39,6,443,52610,,
Mar 31, 2026 07:59:52.697833536 PKT,192.168.100.39,142.250.202.238,6,52610,443,,
Mar 31, 2026 07:59:52.967285972 PKT,142.250.202.238,192.168.100.39,6,443,52610,,
Mar 31, 2026 07:59:52.967286214 PKT,142.250.202.238,192.168.100.39,6,443,52610,,
Mar 31, 2026 07:59:52.967326698 PKT,192.168.100.39,142.250.202.238,6,52610,443,,
